{
  "1": {
    "prevalence": 0.008369631917269407,
    "champ_threshold": 0.1,
    "champ_closing": true,
    "val_f1": 0.4925925925925926,
    "best_params": {
      "learning_rate": 0.02,
      "max_iter": 100,
      "max_depth": 5,
      "min_samples_leaf": 600
    }
  },
  "2": {
    "prevalence": 0.005774241250616154,
    "champ_threshold": 0.1,
    "champ_closing": true,
    "val_f1": 0.25903614457831325,
    "best_params": {
      "learning_rate": 0.05,
      "max_iter": 100,
      "max_depth": 3,
      "min_samples_leaf": 600
    }
  },
  "3": {
    "prevalence": 0.002374078284225457,
    "champ_threshold": 0.7,
    "champ_closing": false,
    "val_f1": 0.32653061224489793,
    "best_params": {
      "learning_rate": 0.02,
      "max_iter": 100,
      "max_depth": 3,
      "min_samples_leaf": 200
    }
  },
  "4": {
    "prevalence": 0.007504501695051656,
    "champ_threshold": 0.1,
    "champ_closing": true,
    "val_f1": 0.1996879875195008,
    "best_params": {
      "learning_rate": 0.02,
      "max_iter": 100,
      "max_depth": 5,
      "min_samples_leaf": 600
    }
  },
  "5": {
    "prevalence": 0.0030178961240154116,
    "champ_threshold": 0.6,
    "champ_closing": false,
    "val_f1": 0.7878787878787878,
    "best_params": {
      "learning_rate": 0.02,
      "max_iter": 100,
      "max_depth": 3,
      "min_samples_leaf": 200
    }
  },
  "6": {
    "prevalence": 0.006951220738982165,
    "champ_threshold": 0.8,
    "champ_closing": false,
    "val_f1": 0.5429553264604811,
    "best_params": {
      "learning_rate": 0.05,
      "max_iter": 100,
      "max_depth": 5,
      "min_samples_leaf": 200
    }
  }
}